글제목,게시날짜,게시내용,블로그주소
만족뿐인 제주 맛집 공유,2021.11.19.,"지난 주말 친구들과 제주여행을 떠났다가 이름알려진 제주 맛집에 갔다왔어요. 전복뚝배기부터 고등어조림,쌈밥 등 풍성한 음식에 아름다운 바다풍경까지 감상할 수 있었던 식당으로 만족스러웠던 곳이랍니다. 1....",https://blog.naver.com/tok4/222573156818
또 생각났던 제주 맛집,6일 전,제가 시킨 제주 비빔국수는 갖은 야채들이 그릇에 알록달록 예쁘게 가득 채워져 있었는데요. 제주 맛집 먹돌만의 특제 소스가 짜지않아 적당히 맵고 달콤하여 애기 입맛인 제 입에도 딱 맞더라구요. 이번엔 돔베고기를...,https://cafe.naver.com/ungsangstory/940466
북적였던 제주 맛집 리스트,2021.11.13.,"무엇보다 비린내 한번 느껴지지 않아 배가 부른 상태였음에도 쉽사리 남길 수가 없었던 제주 맛집이었어요. 2. 도토리키친 본점 메뉴 : 청귤소바 9,000원, 톳유부초밥 3ps 6,000원 주소 : 제주 제주시 북성로 59 1층 번호 : 064...",https://blog.naver.com/caucommando/222564796496
감격했던 제주 맛집 소개,2021.11.15.,"얼마 전 친구들과 제주로 여행갔다가 현지인께 추천받은 제주 맛집에 다녀왔어요. 갓 잡은 듯 싱싱한 해산물과 흑돼지로 산해진미의 정석을 즐긴 곳이라 지금부터 소개할게요. 1. 순천미향 제왕 제주 삼합 85,000원 주소...",https://blog.naver.com/topnotchlady/222568948674
제주도 가볼만한곳 제주 맛집,7일 전,제주도 가볼만한곳 제주 맛집은 깔끔한 메뉴가 푸짐하게 나오기로 소문 난 곳이라 부담없이 알차게 먹고 왔어요. 제주달빛좋은밤 음식점은 협재해수욕장과 굉장히 가까웠는데요. 차량을 이용해서 방문한다면 3분 도보로 약...,https://cafe.naver.com/gangmok/1543161
예찬했던 소노캄 제주 맛집 모음,2021.11.12.,또 해산물은 매장에서 먹었던 것과 동일한 신선도를 자랑해 역시 소문난 소노캄 제주 맛집답단 생각이 들었네요. 이처럼 뭐 하나 흠잡을 점이 없던 곳이라 앞으로 종종 이용해 보려고요. 2. 오는정김밥 주소 : 제주...,https://blog.naver.com/monopoly15/222565611847
현지인이 소개해준 제주 맛집 추천드려보아요~,2021.11.30.,위드코로나가 시작되고 지겨웠던 가택구금에서 해방되어 씩씩하게 제주도 구석구석을 돌아다녀보았어요... 제주 맛집 포스가 느껴지는 구성입니다. 찐... 칼국수 맛집 느낌 팍 저희는 보말칼국수랑 해물칼국수을...,https://cafe.naver.com/cosmania/33668111
끊임없던 제주 맛집 리스트,2021.10.01.,"#제주맛집 #스시오타루 2. 참맛나김밥 ⊙ 열무국수 8,000원 / 햄김밥 3,500원 ⊙ 위치 : 제주 제주시 한라대학로 31번지 ⊙ 운영시간 : 09:00~17:50 ⊙ 전화 : 064-748-2654 현지인의 추천을 받아 간 참맛나김밥은 제주공항에서 차로...",https://blog.naver.com/hloveh01/222521358271
쓱싹한 제주 맛집 공유,2021.11.09.,지난 주에는 지인들이 제주에 놀러와 유명한 제주 맛집에 데려갔어요. 선도 높은 신선한 횟감과 퀄리티 좋은 스끼다시까지 푸짐하게 누릴 수 있는 곳이라 여러분께도 공유해봅니다. 1. 제주 사방팔방 가격 : 모듬회(삼치...,https://blog.naver.com/mysalangiran/222563134415
참신했던 소노캄 제주 맛집,19시간 전,소노캄 제주 맛집에서 주문한 흑돼지모둠은 제주돼지의 다양한 부위를 한 번에 맛볼 수 있다는 남다른 메리트가 있었어요. 확실히 제주산 흑돼지라 그런지 선홍빛깔 살코기 빛깔과 윤기가 반지르르하게 흐르는...,https://blog.naver.com/dbfl8103/222589039029
고퀄이었던 제주 맛집 리스트,2021.10.08.,지난 연휴 때 친구들과 제주도에 놀러 갔을 때 요즘 인기있는 제주 맛집에 방문했어요. 비싼 몸값을 자랑하는 랍스터와 각종 갑각류를 합리적인 금액으로 즐겨 호평 가득했던 곳이랍니다. 1. 랍스타빈 주소 : 제주...,https://blog.naver.com/p1ayme/222530052850
신박했던 제주 맛집 목록,2일 전,"이처럼 다른 식당과는 차원이 다른 제주 맛집이라 조만간 또 들를 예정이랍니다. 2. M1971 카페 엠브릿지 메뉴 : 돌고래라떼 7,500원 주소 : 제주 서귀포시 대정읍 최남단해안로 116 , M1971 번호 : 070-4772-9714 시간 : 매일 08:00...",https://blog.naver.com/mcm2922/222588391988
만족할만한 제주 맛집 추천,2021.10.30.,만족할만한 제주 맛집 추천 몇일전 제주로 가을 나들이를 다녀왔어요. 멋진 풍경들을 구경한뒤 여러... 가성비가 워낙 좋아서 도민들도 많이 찾는 맛집이라 해장국을 좋아하시는분이라면 꼭한번쯤 가볼만한 곳입니다....,https://blog.naver.com/startsh8022/222553687200
출중했던 제주 맛집 소개,2021.08.01.,지난달 친구들과 다녀온 제주도 여행에서는 스시오마카세로 유명한 제주 맛집에 들러 알찬 식사를 했습니다. 잘 손질된 고급스러운 회와 초밥을 합리적인 가격에 먹을 수 있어서 만족했던 곳입니다. 1. 스시오타루...,https://blog.naver.com/lightsout/222452878630
탁월했던 제주 맛집 추천,2021.11.12.,싱싱한 쌈채소에 가득 싸서 먹는 제주 맛집 쌈은 역시 이번 제주여행에서 가장 기억에 남는 인상적인 맛이였어요. 마무리를 개운하게 된장찌개로 하고 싶어서 추가로 주문했는데요. 구수한 냄새가 코를 자극하면서...,https://blog.naver.com/asas0957/222565400656
제주 맛집 한경가든,2021.11.25.,오시는곳이구나 맛집의 스멜이 확! 역시 제 감이 맞았답니다 제주맛집 한경가든 은갈치조림 구이도... 믿을수없는가격입니다 제주황게라하셨고 2마리 큼직한게있었답니다 가성비 완전최고 반찬도 10종이상.돔베고기에...,https://cafe.naver.com/secretcontessa/149953
제주도 가볼만한곳 제주 맛집,2021.11.19.,얼마 전 지인들과 협재로 나들이 갔다오는 길에 미리 생각해 두었던 제주도 가볼만한곳 제주 맛집에서 식사 해결하게 되었습니다. 다양한 요리들이 푸짐하게 나오고 음식의 맛도 끝내줘서 기억에 남는 곳입니다. 이날 방문...,https://cafe.naver.com/newkidsbattle/460293
쏠쏠했던 제주 맛집 소개,2021.09.24.,"소스에 콕 찍어 음미하니 겉바속촉의 질감까지 제대로라 마지막까지 완벽했던 제주 맛집이었네요. 2. 제주순메밀막국수 메뉴 : 명태회막국수 9,000원, 샤브백숙 65,000원 주소 : 제주 서귀포시 안덕면 녹차분재로 60 번호...",https://blog.naver.com/choiceagg/222515524093
소담스럽던 제주 맛집 소개,2021.10.16.,"만족했던 제주 맛집이에요. 조만간 또 오게 될 것 같답니다 2. 매력식당 메뉴 : 화닭덮밥 7,000원, 치킨마요덮밥 7,000원 주소 : 제주 제주시 산천단동1길 20-9 1층 번호 : 0507-1305-4593 영업시간 : 11:00 - 20:30 토요일 휴무 이날...",https://blog.naver.com/0307khy/222538556655
마음뺏긴 소노캄 제주맛집 모음,2021.11.12.,"저번에 제주 해수욕장으로 놀러 갔다가 횟집으로 유명한 소노캄 제주맛집에 다녀왔는데요. 일반 횟집에서 보기 힘든 고퀄리티 횟감들을 배터지게 맛보고 돌아와 소개해볼게요. 1. 해미원 해미원 특모둠회 2人 160,000원...",https://blog.naver.com/lovely_k_mk/222565443629
화사했던 소노벨 제주 맛집,2021.10.30.,얼마 전 가족들과 소노벨 제주 맛집에서 입이 즐거운 맛은 물론 눈까지 즐겁게 만드는 호화스러운 한 끼 식사를 즐기고 왔는데요. 제주도는 특성상 해산물이 발달한 지역인만큼 다른 데서 보기 힘든 질 높은 퀄리티에...,https://blog.naver.com/prisun/222553144628
참신했던 제주 맛집 소개,2021.11.10.,"호불호가 갈리지 않는 음식을 만나보고 싶다면 제주 맛집에 방문하시길 바라요. 2. 커피스케치 메뉴 : 브라운치즈크로플 13,000원 주소 : 제주 서귀포시 안덕면 사계남로216번길 24-32 번호 : 070-4100-1118 시간 : 매일 10:00 - 18...",https://blog.naver.com/bobo3044/222563191649
유일했던 제주맛집 추천,2021.11.20.,지난 주말 가족들과 함께 제주로 여행을 갔다가 현지에 사는 친구가 제주맛집 추천을 소개해 주어 방문하게 되었어요. 합리적인 가격으로 우수한 품질의 돈육과 딱새우를 함께 맛볼 수 있기에 소개할까 해요. 1....,https://blog.naver.com/ahrdkvkfk/222572971890
놀랍던 제주 맛집 추천 모음,2021.11.18.,"얼마 전 친구들이랑 제주도로 여행을 간 김에 제주 맛집 추천 받은 곳을 다녀왔는데요. 오션뷰를 바라보며 고급요리를 맛볼 수 있었는데, 눈과 입 모두 너무나 즐거웠어요. 1. 아라다이닝 메뉴 : 제주 딱새우 로제파스타...",https://blog.naver.com/vhsxm146/222571865451
제가생각하는 제주맛집이란--,2021.11.12.,매스컴에서소개된 방송..인스타..등등 그곳의 맛집 맛있죠. 그러기에 사람들이 몰리는거겠구요 제 주관적인 제주맛집은 제주 토박이(도민)분들이 서빙하주시고 만들어 주시는 그런 분위기의 집이 제주맛집같다는...,https://cafe.naver.com/jejutip/2010981
인상적인 제주 맛집 추천 리스트,2021.08.09.,"서비스는 물론 맛까지 퍼펙트해 제주 맛집 추천의 진가를 오롯이 경험하고 왔답니다. 2. 놀맨 주소 : 제주 제주시 애월읍 애월로1길 24 전화번호 : 064-799-3332 영업시간 : 10:00 - 15:00 화요일 휴무 메뉴 : 해물라면 9,000원...",https://blog.naver.com/roynmin/222463104840
믿음직한 소노벨 제주 맛집,2021.09.27.,마지막으로는 소노벨 제주 맛집 제주산 메밀 비빔냉면을 주문했어요. 비빔장도 사장님의 특제 비빔소스라 또 다시 군침이 맴돌았어요. 잽싸게 젓가락으로 면을 말아서 후루룩 면치기를 했어요. 그냥 먹어도...,https://blog.naver.com/lovelo82/222518455893
내가정한 제주 맛집 추천 소개,2021.10.13.,이처럼 식사 마지막으로 맛본 고등어동까지 모두 성공적이라 여러분들께 제주 맛집 추천드렸는데요. 머무는 내내 일행 모두의 입에서 감탄이 끊이질 않았던 곳이라 앞으로 단골 확정이에요. 2. 노라바 주소 : 제주...,https://blog.naver.com/amore_bh/222534672500
자부하는 제주맛집 추천,2021.10.14.,알려준 제주맛집 추천을 방문하였어요. 저렴한 가격으로 품질 좋은 흑돼지와 손맛이 깃든 밑반찬을 푸짐하게 맛보고 온 곳이라 소개할까 해요. 1.오멍가멍흑돼지 주소 : 제주특별자치도 제주시 이호이동 1072 전화번호...,https://blog.naver.com/mm_56/222536581380
극찬했던 소노캄제주 맛집 모음,2021.11.22.,얼마전에는 친구들과 같이 서귀포쪽에 갔다가 아는 지인분이 추천해줬던 소노캄제주 맛집을 다녀왔는데요. 식재료도 싱싱하고 구성도 만족스러웠던 곳이라 소개할게요. 1. 소노캄제주 검은여식당 메뉴 : 해녀한상 2인...,https://blog.naver.com/qlsdyd1124/222573046232
기억남는 제주 맛집 TOP 5,2021.09.28.,지난달 말에 친구랑 3박 4일 제주여행을 떠났다가 숙소 근처 제주 맛집에서 식사를 했습니다. 저렴한... 로컬 재료로 만들어낸 아삭아삭한 튀김을 단돈 1만 원에 즐길 수 있는 곳이라 가성비 맛집이라고 해도 과언이 아닐...,https://blog.naver.com/cafeinfofam/222520006662
정겨웠던 소노벨 제주 맛집,2021.10.19.,싱그러운 제주 가을바람을 맞으려 여행을 다녀왔는데요 그 중 지인의 추천으로 방문하게 된 소노벨 제주 맛집이 너무 정갈하고 깔끔해서 여러분께 소개하려고 해요. 1. 보배쌤보리김치와게장 주소 : 제주시 조천읍...,https://blog.naver.com/soojin0252/222541798884
분위기 있던 제주 맛집 모음,2021.09.08.,"얼마 전 친구와 휴가차 제주에 갔다가 요즘 핫하다는 제주 맛집에 방문했다. 건강한 재료로 만든 브런치와 음료, 분위기까지 모두 만족스러웠던 곳이라 소개해볼까 한다 :) 1. 릴로 주소: 제주 특별자치도 제주시 구좌읍...",https://blog.naver.com/queen7165/222499733388
소름돋던 제주 맛집 리스트,2021.07.03.,"기대이상으로 신선한해산물을 먹을 수 있었던 제주 맛집이에요. 조만간 또 들려서 셰프님의 만찬을 즐겨볼 생각이랍니다. 2.카페델문도 메뉴 : 망고치즈케이크 6,500원,바닐라라떼 7,500원 주소 : 제주 제주시 조천읍...",https://blog.naver.com/bsy615/222417991735
쾌감있는 제주 맛집 추천 모음,2021.09.08.,한웅큼 집어서 맛 보니 톡 쏘는맛으로 자꾸 손이 향하더라구요*_* 드디어 기대했던 제주 맛집 추천 주력메뉴들로 한상이 차려졌어요. 제주도민이 인정하는 이유를 단번에 알 수 있는 옹골찬 구성들에 감탄이 나왔어요!!...,https://blog.naver.com/w_sxa/222499660260
유명했던 소노벨 제주 맛집,2021.10.19.,그렇게 밥 한 공기를 순식간에 비워낸 후 소노벨 제주 맛집에서의 식사를 마쳤는데요. 이날 맛본 요리들 모두 하나같이 입맛에 잘 맞았던지라 잘 기억해두고 앞으로 두고두고 이용해 보려고요. 2. 노라바 주소 : 제주...,https://blog.naver.com/freest80/222541484878
감탄만 나오던 제주 맛집,2021.03.18.,"모든 재료를 사장님께서 손수 준비해주셔서 그런지 풍성한 비쥬얼이 더 돋보였던 제주 맛집이었어요. 2. 제주 골목식당 메뉴: 꿩구이 25,000원 / 꿩메밀칼국수 8,000원 주소: 제주 제주시 중앙로 63-9 번호: 064-757-4890...",https://blog.naver.com/hanyeriha/222278831807
떠오르는 소노벨 제주 맛집,2021.09.18.,소노벨 제주 맛집에 찾아갔어요. 몸보신 음식으로 유명한 말고기를 코스 메뉴로 다양하게 즐기고 온 곳이라 뇌리에 박혔답니다. 1. 마리조아 함덕점 주소 : 제주 제주시 삼봉로 99 전화번호: 064-756-5257 영업시간 : 11:00 - 22...,https://blog.naver.com/tpbh1004/222509644612
입에 달라붙던 제주 맛집,2021.03.15.,지난 주말 친구들과 제주도로 놀러갔다가 지인의 소개로 찾은 제주 맛집이 있어요. 고급스러운 오마카세를... 로컬 맛집이라서 꼭 가보고 싶었어요. 사천면으로 만드는 거라서 되게 특별했고 채소도 다채롭게 넣고...,https://blog.naver.com/emma1128/222276393199
훌륭한 제주 맛집 추천,2021.09.08.,"자신있게 제주 맛집 추천할 만한 곳이었어요. 2. 인스밀 주소: 제주 서귀포시 대정읍 일과대수로27번길 22 1층 전화번호: 0507-1352-5661 영업시간: 매일 10:30-20:30(4월~10월), 매일 10:30-19:30(11월~3월) 메뉴: 보리개역 6,000원 식사...",https://blog.naver.com/h21100/222499261145
매력있던 제주 맛집 공유,2021.08.11.,최근 친구들과 제주로 휴가를 갔을 때 입소문이 자자한 제주 맛집에도 방문했어요. 합리적인 금액으로 고퀄의 일식요리를 다채롭게 맛볼 수 있어 모두가 칭찬을 아끼지 않았던 곳이라 이번 포스팅에서 소개합니다....,https://blog.naver.com/celinicious/222464522415
기억에남는 소노벨 제주 맛집 공유,2021.08.02.,"반찬퀄리티도 좋고 고기도 저렴하게 맛볼수있었던 가성비 좋은 소노벨 제주 맛집 이었습니다. 2. 햇살가득돌담집 ● 주소 : 제주 제주시 조천읍 함대로 25-1 ● 전화 : 064-784-2200 ● 영업시간 : 매일 11:00 ~ 22:00, 매월...",https://blog.naver.com/mixsun/222454054973
다채로운 소노벨 제주 맛집,2021.09.13.,횟감을 다채롭게 즐긴 다음엔 제주산 흑돼지를 이용한 돔베 고기를 공략해보았는데요. 다양한 회 종류로도 부족함이 없었지만 소노벨 제주 맛집에서는 육류까지 제공되다 보니 더욱 물릴 틈 없이 식사를 이어나갈 수...,https://blog.naver.com/qudtls30123/222503534743
기깔났던 구제주 맛집 소개,2021.10.14.,구제주 맛집을 다녀왔어요. 수준급의 갈치 요리와 풍성한 밑반찬들까지 함께 간 일행들의 호평이 끊이질 않던 곳이라 소개해 보려고 해요. 1. 금갈치 주소 : 제주 제주시 일도이동 416-1 1층 전화번호 : 0507-1378-6021...,https://blog.naver.com/epguswl/222536159996
찐이었던 제주 맛집 택시투어 먹거리 여행코스,2021.11.04.,면허가 없는 친구들끼리 제주도에 가면 자주 다니지 않는 버스 때문에 고생을 하는 경우도 있는데요.... 여러 맛집을 탐방하며 즐거웠던 시간이었는데요. 흉내낼 수 없는 맛의 비결을 간직한 제주 맛집 여러 곳을...,https://blog.naver.com/woaiheejun/222557642034
기막히는 제주 맛집 모음,2021.03.19.,"카페인에 취약한 사람들을 배려해 달달한 매실차까지 갖춰 둬 마지막까지 인상깊은 제주 맛집이었답니다. 2. 인더그린 가격: 연유라떼 8,000원 / 아인슈페너 7,000원 주소: 제주 제주시 1100로 3198-20 전화번호: 064-711-9272...",https://blog.naver.com/barbie0i0/222280133390
풍성했던 구제주 맛집 모음,2021.07.20.,얼마 전 휴가를 내고 가족들과 함께 제주에 갔다가 구제주 맛집에 다녀왔어요. 신선한 돌돔과 특수한 부위까지 맛볼 수 있었고 상차림 또한 훌륭했던 곳이라 소개해드릴게요. 1. 태하횟집 주소: 제주 제주시 동한두기길...,https://blog.naver.com/vms994su/222438125963
우월함이 넘치던 제주 맛집 소개,2021.06.04.,이렇듯 밑반찬부터 메인 갈치조림까지 군더더기 하나 없이 알찼던 제주 맛집이에요. 사장님도 친절하신 데다 가격도 저렴하니 다음번에 또 들를 예정이랍니다. 2. 오또도넛 주소: 제주 서귀포시 중문상로 87 번호: 0507...,https://blog.naver.com/king700203/222384833272
뛰어났던 제주 맛집 소개,2021.04.21.,저번주엔 동기들과 넥슨컴퓨터 박물관을 구경하곤 많이 간다던 제주 맛집에서 식사했어요. 육내탕부터 묵은지고등어조림에 이르기까지 비린내 없이 깔끔해 극찬이 끝없던 곳이랍니다. 1.제주 순풍 노형본점 가격...,https://blog.naver.com/taewo2c/222316942373
정성가득 소노벨 제주 맛집 !,2021.04.24.,여행 마지막날 아침은 든든하게 먹고 가고 싶어서 소노벨 제주 맛집에서 해장국을 먹었다 좋은 식재료만을 고집하셔서 자부심과 신선함이 맛에서 느껴지던 곳이었다 1. 함덕해장국 주소 : 제주 제주시 조천읍 신북로 650...,https://blog.naver.com/qufquf_/222320888247
신났던 제주 맛집 모음,2021.03.20.,"있었던 제주 맛집이었어요 서비스 음식도 입에 잘 맞아 다음번에도 또 들러볼 예정이랍니다. 02. 돌카롱 제주공항점 메뉴 : 억새카롱 15,000원, 유체꽃카롱 15,000원 주소 : 제주 제주시 서광로2길 27-2 번호 : 0507-1300-5261...",https://blog.naver.com/turpu/222281649423
근처 흑돼지 고깃집 스프링힐제주 맛집,2021.08.16.,며칠 전에 친구랑 제주 월드컵경기장에 갔다가 스프링힐제주 맛집을 방문하였는데요. 고기도 고퀄리티에... 스프링힐제주 근처 맛집 옆에 전용 주차장이 마련되어 있어 편하게 이용이 가능하였고 영업시간은 12시부터...,https://blog.naver.com/hellopinksis/222468456235
신선함에 반한 소노캄 제주 맛집,2021.10.15.,소노캄 제주 맛집 추천 무조건이에요 실내도 쾌적하고 넓은 공간이라 여럿이 식사하러와도 아주 딱좋아요. 제주 앞바다 보면서 회드실수있는곳이라 회맛 끝내줍니다. 회는 다 좋아하지만 그중에서도 참돔 좋아해요....,https://cafe.naver.com/shopjirmsin/6556927
금메달급 제주 맛집 추천,2021.06.17.,지인들에게도 제주 맛집 추천 해주느라 휴대폰이 뜨거워진 하루였어요. 싱싱한 재료부터 푸짐한 구성까지 무엇하나 빼놓을게 없었답니다. 2. 제주 몽상 드 애월(뷰 맛집) 주소: 제주 제주시 애월읍 애월 북서 길 56-1...,https://blog.naver.com/dlaalwjd1177/222401545559
유달랐던 제주 맛집 리스트,2021.01.08.,지난번 가족들이랑 사시미와 초밥을 즐기러 제주 맛집에 찾아갔어요. 현지 사람들도 많이 찾아오는 곳인 만큼 종류도 다양하고 금액대도 합리적이라 만족하고 돌아왔던 곳이에요. 1. 스시권 주소 : 제주시 노형로 401...,https://blog.naver.com/wlsgml850/222199442294
특출났던 소노캄 제주 맛집 리스트,2021.05.16.,두툼한 생선과 각종 야채가 푸욱 우러나 더욱 시원한 국물이 배부른 속을 쫙 내려줘 마지막 한방울까지 싹싹 긁어먹었답니다~ 이날 다녀온 소노캄 제주 맛집은 제주3대횟집 이라는 명성 답게 신선한 해산물을 제대로...,https://blog.naver.com/kookyheri/222352689552
취향저격 소노캄 제주 맛집 list,2021.09.04.,소노캄 제주 맛집은 퀄리티가 우수한 흑돼지와 친절한 직원분들의 그릴링 서비스까지 무엇하나 흠잡을 것 없는 완벽한 곳이였어요. 다음에 제주를 오게되면 또 방문하고 싶은 찐맛집 이었답니다. 2. 커피가게쉬고가게...,https://blog.naver.com/fayefaye79/222494837050
완벽했던 제주 맛집 목록,2021.02.19.,"지난 주에는 바람도 쐴겸 가족들과 여행을 갔다가 지인이 추천해준 제주 맛집에도 다녀왔어요. 알아주는 오션뷰와 탐스러운 구성의 삼합까지 제대로 누리고 온 곳이랍니다. 1. 제주 순천미향 ▷ 제주삼합 45,000원...",https://blog.naver.com/kimmso1/222248826443
계속 맛보고픈 제주 맛집 추천,2021.02.02.,얼마 전 다녀온 제주 여행에서 인생 흑돼지집을 찾았어요. 이번에 가보곤 친구들에게 제주 맛집 추천을... 찐 도민 맛집이라 혼자만 알고 싶은 곳이기도 하죠. 4. 묘한식당 주소 : 제주시 한경면 녹차분재로 601 전화 : 064...,https://blog.naver.com/amyus/222229008132
제대로인 제주 맛집 모음,2021.02.25.,"최근에는 머리도 식힐 겸 제주에 갔다가 미리 검색해본 제주 맛집을 찾아갔어요. 유쾌한 분위기의 식당이라 들어가자마자 절로 기분 좋아지고, 푸짐한 한상에 마지막까지 웃으며 밥을 먹을 수 있었던 곳이에요. 1. 제주...",https://blog.naver.com/kimqwq486/222256239211
의미있던 제주 맛집 리스트,2020.12.12.,얼마전 친구들이랑 현지에서 명성이 자자한 제주 맛집에 다녀왔어요. 고급스러운 사시미와 다양한 종류의... 뷰 맛집으로 손꼽히는 곳이라 한번쯤 가볼만한 가치가 있음 3. 제주 네거리식당 주소 : 제주 서귀포시...,https://blog.naver.com/newgogi/222171742852
정이 넘치던 제주 맛집 모음,2021.04.28.,"반했던 제주 맛집이었답니다~ 1. 색달식당 메뉴 : 문어통갈치조림스페셜 (4인) 160,000원 주소 : 제주 서귀포시 색달중앙로 23 번호 : 064-738-1741 영업시간 : 매일 10:00-21:00 마지막 주문시간 20:00 (브레이크 타임 없음) 기타...",https://blog.naver.com/creaming123/222325459837
빼어났던 제주 맛집 차트,2020.12.28.,얼마 전 친구들과 모아둔 돈을 가지고 제주도로 여행갔을 때 들른 제주 맛집이 있는데요. 옥돔구이 한정식을 시켰는데 40년 전통답게 밑반찬까지 만족스러웠던 곳이었어요. 1.제주 미도식당 가격 : 옥돔한정식 1人...,https://blog.naver.com/hongik9016/222188198047
힐링 되던 소노캄 제주 맛집,2021.10.01.,메인메뉴는 물론이고 사이드 메뉴랑 서비스까지 너무 만족스러웠던 진정한 소노캄 제주 맛집이었는데요. 제주스러운 탁 트인 오션뷰까지 마음에 쏙 들었던 곳이었어요. 2. 미깡창고감귤밭 주소 : 제주 제주시 애월읍...,https://blog.naver.com/happyook/222522944453
입이 호강했던 제주 맛집 공유,2021.08.18.,며칠 전엔 지인들과 제주도로 나들이를 갔다 올 겸 미리 찾아봐 둔 제주 맛집에 방문했어요. 착한 금액으로 고퀄리티 흑돼지와 현지산 해산물을 양껏 누리고 돌아와 인상 깊은 곳이랍니다. 1. 오멍가멍흑돼지...,https://blog.naver.com/ajrtkska/222475204405
사로잡았던 제주 맛집 모음,2021.01.08.,"핫플은 관광지로 뜨고있는 디앤디파트먼트에요 식사와 카페, 스토어까지 다양한 볼거리를 즐길 수 있는 곳이었죠 숙박객이 아니더라도 로비를 사용할 수 있어잠깐 구경해보는 것도 좋았답니다. #제주맛집 #제주예찬",https://blog.naver.com/kpapado/222200910468
극찬했던 제주 맛집 리스트,2020.12.15.,실속있는구성과 고급 어류를 합리적인 가격으로 즐길 수 있었던 제주 맛집은 손맛과 서비스까지 만족스러워 다음번엔 포장으로 다시 이용해볼 생각입니다. 2. 프롬더럭 아메리카노 변동 주소: 제주 제주시 노형8길 14...,https://blog.naver.com/mouche007/222174783175
단골 등록한 제주 맛집 리스트,2020.12.10.,"지난주 친구와 옥돔구이가 먹고 싶어서 제주 맛집에 찾아갔어요 자연바람에 말린 옥돔은 육질이 쫀득했고... 3.제주 아리 (일식 맛집) 아리텐동 8,000원 / 아나고텐동 15,000원 주소: 제주 서귀포시 대청로 29 1층 105호...",https://blog.naver.com/ybyjym/222168804965
으뜸이었던 제주 맛집 흑돼지/ 해물된장찌개,2021.06.29.,지난 주말 먹는거 좋아하는 친구와 단 둘이 제주 맛집 탐험을 다녀 왔습니다. 신선한 횟감에 해물된장찌개 그리고 흑돼지구이까지 푸짐하게 즐기고 온 곳들을 차례대로 소개 해 보려고 하는데요. 제주에서 다양한...,https://blog.naver.com/qw3859/222414174023
매력적인 소노벨 제주 맛집,2021.09.23.,#소노벨제주맛집 #동복뚝배기 공항에 도착하자마자 반겨주는 돌하르방이 인상깊은 제주에서 다양한 맛집 탐방을 했는데요. 그중에서도 동쪽 숙소 근처 소노벨 제주 맛집은 베스트 오브 베스트 였어요. 맛있는...,https://blog.naver.com/rainatr/222514087012
뜻 깊었던 제주 맛집,2021.04.01.,쫄깃하면서도 짭조름한 맛 덕분에 와이프랑 아주 기분 좋은 시간을 보냈던 제주 맛집이었는데요. 중독성이 높아 조만간 다시 한번 방문할 계획이랍니다. 2. 앙뚜아네트 용담점 주소 : 제주 제주시 서해안로 671 번호 : 0507...,https://blog.naver.com/ultrabat/222295244496
상당했던 소노벨 제주 맛집,2021.08.04.,집 밥같은 한 끼를 먹을만한 곳을 알아보다가 현지인들도 즐겨 찾을만큼 평판이 뛰어난 소노벨 제주 맛집에 다녀오게 되었답니다. 1. 보배쌤보리김치와게장 주소 : 제주 제주시 조천읍 신북로 409 B동...,https://blog.naver.com/y1981cjs/222455824764
손에꼽을 제주 맛집 추천,2021.08.17.,"한국인 입맛을 취향 저격한 한정식집으로 제주 맛집 추천 장소로 원픽이었습니다. 2. 스시 호시카이 주소 : 제주 제주시 오남로 90 영업시간 : 매일 12:00 - 15:00, 18:00 - 22:00 전화번호 : 064-713-8838 가격 : 점심오마카세 120...",https://blog.naver.com/hsa0202/222474013242
특별했던 소노벨 제주 맛집,2021.04.06.,특별했던 소노벨 제주 맛집 고기가 맛있다고 해서 추천받은 소노벨 제주 맛집이 있어서 이른 저녁으로... 소노벨 맛집이었어요. 다음에 또 재방문하고 싶은 생각이랍니다 2. 소노벨 제주 섬타르 주소 : 제주 제주시...,https://blog.naver.com/codms823/222300819950
출중했던 구제주 맛집 소개,6일 전,최근 친구들과 동문시장에 들렀다가 저녁 겸 술을 먹으러 구제주 맛집에 찾아갔는데요. 주문과 동시에 고등어회를 손질해 주는 곳인데다 밥도둑 갈치조림까지 세트로 맛봐 만족스러웠어요. 1. 구제주 고등어횟집 주소...,https://blog.naver.com/inspirationp/222584770138
아이들과 갈만한 제주 맛집 - 제주 동쪽,2021.10.01.,제주맛집 with kids 사실 제주에서 거의 밥 해 먹고 사먹은건 아래가 전부. 맛집은 다 서울에 있고 제주에서는 TPO에 가장 맞는 식당이 최고다. 최대한 동선 중에 식당 방문하려고 하고 애들 먹을 것도 생각하고 애들...,https://blog.naver.com/arwenii/222523499750
[제주 맛집] 맛있는거 먹으러 떠난 제주 여행,2021.08.20.,다음에 부모님이랑 제주가면 또 가고싶은 맛집!! 3박 4일 제주여행동안 맛있는거 많이 먹어서 행복했댜.. 언제 또 제주도 가지ㅠㅠㅠㅠㅠ #제주맛집추천 #제주찐맛집 #제주도맛집추천,https://blog.naver.com/duwls9611/222477839834
기억에 남는 제주 맛집 리스트,2021.02.01.,"있었던 제주 맛집 덕분에 너무 행복한 시간이었네요~ 2. 제주 코코티에 솔티카라멜라떼 8,000원/ 백향과에이드 9,000원 주소 : 제주 서귀포시 표선면 표선당포로 21-3 1층 영업시간 : 매일 11:00~ 21:00 전화번호 : 064-787-3160 표선...",https://blog.naver.com/yja305/222227635708
퀄리티 높은 제주맛집 추천!,2021.06.22.,고기와 찰딱 궁합을 자랑했던 쌈무도 상콤한 맛이 제대로라 맛있게 먹었습니다.\ 드디어 이날 주문했던 메인인 제주산 흑돼지를 먹을 순서가 되었는데요. 제주맛집 추천답게 비계와 살코기가 비율이 적절했고 콕콕...,https://blog.naver.com/woo4132/222405994861
제주맛집 가성비 있는 7곳 추천,2021.05.15.,"#제주여행, #제주맛집, #가성비 제주도에서 유명한 식당들은 대부분 비싸고, 사람들이 많아 기다리기... ㅋㅋ 유명세는 덜하지만 제주여행할 때 들러볼 만한 가성비 맛집 7곳을 추천드립니다. 1. 영해식당 : 몸국...",https://blog.naver.com/bian/222351689415
실속있던 제주 맛집 리스트,2021.02.09.,"지난주 목요일엔 친구들과 제주이호랜드에서 놀다가 현지인이 알려준 제주 맛집에서 식사했어용, 식약처에서 위생등급 우수를 받은 곳이었고 생선조림부터 밑반찬까지 정갈한차림에 흡족스러웠던 곳이랍니당! 1....",https://blog.naver.com/joaran_/222237150445
개인적인 제주맛집리스트 (내돈내산),2021.08.19.,블로그나 인스타로 제주맛집 검색해볼라면 무슨 오만 광고가 파다하는 관계로 지극히 개인적이고 광고... ^ 여름에만 열기때문에 여름제주에 가면 빠지지않고 들르는 곳! 5. 흑돼지맛집 숙성도 중문점...,https://blog.naver.com/bakjuhyun93/222476154482
기가 막힌 제주 맛집 공유,2021.06.21.,이렇게 무엇 하나 부족함 없었던 제주 맛집이었는데요. 머지않아 가족들 모시고 재방문을 해보고 싶을 정도의 완성도 갑인 경험이었습니다. 2. 복닥키친 주소 : 제주 제주시 진군 3길 18번지 전화번호 : 0507-1319-4342...,https://blog.naver.com/nanakon/222405239791
대박이던 제주 맛집 리스트,2021.01.01.,"얼마 전 친구들과 남쪽으로 여행갔다가 제주 맛집에 들렀어요. 제주도 해역에서 어획한 싱싱한 해산물을 맛볼 수 있는 곳이어서 소개해보려고 해요. 1. 동문올레수산 메뉴 : 인기모둠회 15,000원 주소 : 제주 제주시...",https://blog.naver.com/pt46627/222192654266
최고였던 소노벨 제주 맛집 목록,2021.09.04.,지난 주말에 식구들과 여행 간 김에 유명하다던 소노벨 제주 맛집에 들렀어요. 일등급 흑돼지와 제주산 식자재가 아낌없이 나왔던 곳이라 육지에서도 생각나는 곳이에요. 1. 깡촌흑돼지 메뉴가격 : 흑돼지근고기 54...,https://blog.naver.com/skrud4150/222494151952
홀릭됐던 제주 맛집 리스트,2021.01.30.,"제주 맛집 스시권 VIP초밥 20,000원, 모듬초밥 12,000원 주소 : 제주 제주시 노형로 401 번호 : 064-745-0079 영업시간... 뷰 맛집이라는 타이틀도 잘 어울렸죠 반려동물 동반입장 가능해서 가족단위로 더 많이 오시는 곳...",https://blog.naver.com/mjislove102/222224328148
느낌 있는 소노벨 제주 맛집 LIST,2021.07.19.,"주변 도민들도 엄청 많이 방문하고, 소노벨 제주 맛집으로도 유명한 깡촌이라는 곳이었어요. 1. 깡촌흑돼지 주소 : 제주시 조천읍 함덕14길 2 영업시간 : 12시~23시 전화번호 : 064-784-0787 메뉴가격 : 깡촌근고기 54,000원...",https://blog.naver.com/17fish/222437413538
[fn슐랭] 제주 맛집 리스트 #3,2021.08.25.,"제주 맛집 리스트 마지막 편인 3편 소개하러 등장했습니다ㅋㅋㅋ:) 휴가철도 막바지에 이르렀고, 전국적으로... 찐 맛집 인정인 집이에요.bbbb 3. 가시아방국수 주소: 제주 서귀포시 성산읍 고성리 528 대표 메뉴: 고기국수...",https://blog.naver.com/fntour365/222482245912
마음이 요동친 제주 맛집 모음,2021.01.20.,"지난 주 친구들과 함께 제주로 힐링여행을 갔다가 넘사벽 제주 맛집에도 다녀왔는데요. 최상급 오마카세에... 증명된 맛집이었어요. 오징어, 새우, 회가 잔뜩 들어간 회국수는 매콤달콤한 특제 양념소스는 완전...",https://blog.naver.com/mjati/222214163150
잊지못할 플레이스캠프 제주 맛집,2021.07.08.,제주도에 가기전부터 흑돼지를 좋아하는 저를 위해 친구가 미리 예약해둔 플레이스캠프 제주 맛집이... 저에게 플레이스제주 캠프 맛집은 음식이 나오기 전 인테리어 에서부터 완벽한 인상을 주었던것 같아요. 컵같은...,https://blog.naver.com/jyj2432176/222424385599
(맛집) 제주 맛집 모음,2021.05.20.,#로로사진첩 #제주여행 #제주여행맛집 #제주맛집 소개 #제주맛집 #서귀포맛집 #천지연맛집 #한림맛집 #쇠소깍맛집 #고찌올레 #섬사랑 #찰리아저씨맛집 #보말죽 #성게국수 #보말칼국수 #뿔소라뚝배기 #제주음식...,https://blog.naver.com/nugg789/222358999282
엄지들었던 플레이스캠프 제주 맛집 리스트,2021.07.28.,"플레이스캠프 제주 맛집에 다녀왔어요. 육향이 진한 고기로 푸짐하게 먹을수 있어 기억에 남아 소개해볼게요. 1.성산일출돈 (흑돼지근고기 54,000원 / 해물된장찌개 7,000원) 주소 : 제주 서귀포시 성산읍 성산중앙로 64번길...",https://blog.naver.com/lovezun91/222448556220
새로웠던 제주 맛집 모음,2021.08.28.,얼마 전 가족들과 시간을 정해 입소문이 자자한 제주 맛집으로 향했다. 화려한 해물 요리부터 정성 가득한 밑반찬까지 오랜만에 만족스러웠던 곳이라 공유한다. 1.순천미향 주소:제주 서귀포시 안덕면 사계남로216번길...,https://blog.naver.com/rntjsghk11/222486884630
아늑했던 제주 맛집 모음,2020.12.16.,"짭조름한 간이 더해지니 본연의 고소담백한 풍미가 진하게 느껴져 진리였던 제주 맛집이었네요! 2. 제주 쪼끌락 돌하르방라떼 6,000원 주소 : 제주 제주시 구좌읍 김녕로21길 21 번호 : ***-****-**** 영업시간 : 평일 11:00 - 19:00...",https://blog.naver.com/para05/222175556991
즐거웠던 제주 맛집 지도,2021.05.26.,"올해 3월부터 이번 달 중순까지 현지에 사는 지인들과 제주 맛집 지도에 있는 6곳을 다녀왔어요. 제주시부터 시작해서 함덕, 서귀포까지 먹거리도 다양해서 먹는 재미가 있었어요. 1. 달코롬제주 주소 : 제주 서귀포시...",https://blog.naver.com/wngl55/222368133828
기억에 남는 구제주 맛집 리스트,2021.04.14.,"얼마 전 지인들과 시내에서 가볼 만한 식당을 알아보다가 다양한 문어요리를 판매하는 구제주 맛집이... 53,000원 제주도 현지인의 추천 맛집 하루방보쌈 입니다. 푸짐하고 부드러운 보쌈과 굴김치가 정말 맛있었습니다....",https://blog.naver.com/ykh1273/222309406127
딱이었던 소노캄 제주 맛집,2021.06.02.,숨은 맛집을 발견했습니다. 가성비도 좋은 소노캄 제주 맛집은 친절한 서비스까지 모두가 만족한 곳이기에 꼭 추천해드리고 싶네요. 1. 큰엉식당 주소 : 제주 서귀포시 남원읍 태위로 526 전화번호 : 064-764-7789 영업시간...,https://blog.naver.com/wjsurdpqhk/222380673013
흔들림없던 제주 맛집 리스트,2021.06.04.,"기대 이상으로 구성과 음식의 퀄리티 모두 우수했던 제주 맛집이라 꼭 다시 방문할 예정이랍니다. 2. 코시롱보리빵 메뉴 : 쑥찐빵 600원, 쌀쑥이 600원 주소 : 제주 제주시 번영로 550 번호 : ***-****-**** 영업시간 : 07:30 - 19:00...",https://blog.naver.com/chiyoonjung/222383124808
소노캄제주 맛집 제주 한아름식당 솥뚜껑 생고기 굿!,2021.09.30.,"소노캄제주 맛집은 기회가 된다면 다시 한번 찾아오고 싶은 곳이네요. 2. 가스름식당 주소 : 제주 서귀포시 표선면 가시로565번길 19 전화 : 064-787-1163 영업시간 : 09:00 ~ 20:30 메뉴 : 두루치기, 생고기, 몸국 가스름식당은...",https://blog.naver.com/wjdwp0983/222522227859
탁월했던 구제주 맛집 모음,2021.10.22.,이렇게 매장에서의 식사와 포장 모두 흡족스러웠던 구제주 맛집인데요. 든든하게 밥겸술을 즐기기 제격이란 생각이 들어 앞으로 이 근처에 가게 되면 잊지 않고 들러보려고요. 2. 놀맨 주소 : 제주 제주시 애월읍...,https://blog.naver.com/g5qdasfdsa/222545187726
만족했던 구제주 맛집 소개,2021.04.05.,"여러 해물들과 고사리나물등으로 흑돼지를 좀더 다양하게 즐길수 있었던 구제주 맛집 이었습니다. 2.코코메기 주소 : 제주 제주시 용화로 58 코코메기 전화 : 070-7779-5261 영업시간 : 매일 10:00 ~ 18:00, 매주 목요일 휴무...",https://blog.naver.com/storygj/222298990178
환상적인 소노캄 제주 맛집,2021.11.30.,제주도에 지인들과 여행을 다녀왔는데 소노캄 제주 맛집에서 먹은 흑돼지가 잊혀지질 않더라고요. 진득한 숯향과 육즙을 잔뜩 머금어서 식감과 풍미가 장난없었어요. 1. 흑돼지일번지 주소 : 제주 서귀포시 남원읍...,https://blog.naver.com/impmedia1/222583033348
구성좋은 소노캄 제주 맛집,2일 전,"숙소를 잡고 근처 식당을 찾다 소노캄 제주 맛집을 방문했는데 꽤 만족스러운 식사를 해서 여러분께... 12,000원 제주도에서 즐기는 독특한 라멘 맛집인 마초면탁은 매콤하면서 마라 특유의 얼얼함이 살아있는 국물이...",https://blog.naver.com/wwkdsms90/222588002678
제주 신화월드 근처 제주 맛집,2021.10.10.,오늘은 제가 제주도 여행 중에 만난 제주 신화월드 근처 제주 맛집을 소개해시켜드리려구요 신상 제주도맛집이랍니다^^ 제주달빛좋은밤은 제주 신화월드 근처 제주 맛집인데요 조금 특색있고 색다른 흑돼지떡갈비를 파는...,https://cafe.naver.com/newkidsbattle/418056
제주맛집좀 알려주세요~,2021.10.25.,미니없는 미니회원입니다 ㅜㅜ 제가 이번주 토요일부터 월요일까지 제주도에 골프가는데.. 막내라 맛집을 섭외해야하는.. 그래서 전국구 미니회원님들 제주 맛집좀 알려주세요! 1일차 08:30 제주공항 렌트카수령 후...,https://cafe.naver.com/minilover/789137
제쇼 12월 제주맛집 공유상 진행합니다.^^,2일 전,[제쇼 12월 제주맛집 공유상 ] 회원님들의 제주맛집 또는 제주카페 정보를 공유해주세요. 맛집&카페 정보는 다른 회원님들께 소중한 정보가 되며 제쇼카페 발전에도 많은 도움이 된답니다.^^ 알차게 올려주신 분께는...,https://cafe.naver.com/lovejeju24/72363
만족했던 소노벨 제주 맛집,2021.10.19.,맛도 퀄리티도 좋았던 곳이라 평소에 족발이나 보쌈 좋아하셨다면 소노벨 제주 맛집 여기 강추하고 싶네용!!+_+ 제주 제주시 조천읍 함덕18길 1 064-782-8231 매일 15:00~22:30 재료 소진시 조기마감 수요일 휴무,https://cafe.naver.com/cosmania/33406306
[제주맛집] 사장님 귀는 당나귀 귀 정호영쉐프가 운영하는 제주 교래리 우동카덴,2021.11.27.,그렇지만 아주 특별한 맛은 아닌것 같음. 우동 그릇이 엄청 크고 무거움(세수대야 수준) 반찬은 단무지 하나.. 김치라도 있음 좋겠음. #방송맛집 #유명쉐프맛집 #제주맛집 #제주핫플레이스 ▶ 제쇼추천 제주도맛집 리스트>>,https://cafe.naver.com/lovejeju24/72006
풍요로운 제주 맛집 추천,2021.08.15.,이어서 등장만으로도 이목을 집중시킨 제주 맛집 추천의 제주달빛좋은밤이 야심차게 마련한 시그니처를 영접했는데 그 모습에 입이 떡 벌어지며 감탄이 절로 나오더군요. 먹음직한 삼겹살이 놓여 있는 파스타로 눈이...,https://cafe.naver.com/gangmok/1506627
인정했던 제주 맛집,2021.08.17.,얼마 전 친구와 제주에 갔다가 요즘 핫하다는 제주 맛집에 다녀왔어요. 가성비 좋은 가격에 정성 가득한 요리들을 즐길 수 있어 마음에 쏙 든 곳이에요. 식당과 멀지 않은 곳에 관광지들도 여러 곳 있어서 드라이브 겸...,https://cafe.naver.com/culturebloom/1335943
